City_ID,City,Country,Date,Lat,Lng,Max Temp,Humidity,Cloudiness,Wind Speed
0,Acapulco,MX,2020-08-22 18:25:57,16.86,-99.89,84.2,83,75,3.36
1,Codrington,AU,2020-08-22 18:26:07,-38.27,141.97,46.45,81,27,18.48
2,Port Alfred,ZA,2020-08-22 18:30:56,-33.59,26.89,61.92,60,0,4.14
3,Berlevag,NO,2020-08-22 18:30:57,70.86,29.09,61.23,75,84,20.04
4,Kungurtug,RU,2020-08-22 18:30:57,50.6,97.52,46.67,86,3,2.86
5,Nikolskoye,RU,2020-08-22 18:30:57,59.7,30.79,66.2,63,40,4.47
6,Puerto Ayora,EC,2020-08-22 18:30:58,-0.74,-90.35,71.6,68,40,25.28
7,Bengkulu,ID,2020-08-22 18:30:58,-3.8,102.27,76.26,89,90,3.31
8,Hermanus,ZA,2020-08-22 18:30:58,-34.42,19.23,57.99,88,0,1.99
9,Albany,US,2020-08-22 18:30:58,42.6,-73.97,84.99,52,22,8.77
10,Atuona,PF,2020-08-22 18:30:59,-9.8,-139.03,78.35,78,4,19.35
11,Saskylakh,RU,2020-08-22 18:30:59,71.92,114.08,35.69,85,0,4.61
12,Curup,ID,2020-08-22 18:30:59,-3.47,102.53,67.78,90,44,2.84
13,Touros,BR,2020-08-22 18:31:00,-5.2,-35.46,80.6,74,40,17.22
14,Tiksi,RU,2020-08-22 18:31:00,71.69,128.87,40.19,91,100,7.11
15,Severo-Kurilsk,RU,2020-08-22 18:28:53,50.68,156.12,49.1,89,24,11.68
16,Cockburn Town,TC,2020-08-22 18:30:42,21.46,-71.14,84.04,81,100,23.64
17,Palmerston North,NZ,2020-08-22 18:26:25,-40.35,175.62,46.99,95,92,2.62
18,Okhotsk,RU,2020-08-22 18:28:14,59.38,143.3,50.63,72,70,11.34
19,Mataura,NZ,2020-08-22 18:27:50,-46.19,168.86,41.0,97,86,1.01
20,Toora-Khem,RU,2020-08-22 18:31:01,52.47,96.11,42.98,89,0,1.41
21,New Norfolk,AU,2020-08-22 18:28:02,-42.78,147.06,45.0,89,99,1.99
22,Port Elizabeth,ZA,2020-08-22 18:31:02,-33.92,25.57,62.6,55,0,5.82
23,Arraial Do Cabo,BR,2020-08-22 18:31:02,-22.97,-42.03,69.8,64,90,11.41
24,Mahebourg,MU,2020-08-22 18:31:02,-20.41,57.7,69.8,88,40,8.05
25,Cabo San Lucas,MX,2020-08-22 18:28:03,22.89,-109.91,91.4,58,5,9.17
26,Cap Malheureux,MU,2020-08-22 18:31:03,-19.98,57.61,68.0,81,37,4.0
27,Rikitea,PF,2020-08-22 18:31:03,-23.12,-134.97,66.76,71,28,19.28
28,Kaitangata,NZ,2020-08-22 18:31:03,-46.28,169.85,50.0,82,100,11.01
29,Ushuaia,AR,2020-08-22 18:30:10,-54.8,-68.3,44.6,65,40,10.29
30,Grindavik,IS,2020-08-22 18:28:56,63.84,-22.43,53.6,71,0,12.75
31,Alofi,NU,2020-08-22 18:31:04,-19.06,-169.92,75.2,94,6,6.93
32,Nantucket,US,2020-08-22 18:31:04,41.28,-70.1,73.4,88,1,11.41
33,Saldanha,ZA,2020-08-22 18:31:04,-33.01,17.94,55.4,82,0,4.7
34,Lompoc,US,2020-08-22 18:31:05,34.64,-120.46,82.99,54,1,6.93
35,Nome,US,2020-08-22 18:31:05,64.5,-165.41,51.8,93,90,9.17
36,Bambous Virieux,MU,2020-08-22 18:31:05,-20.34,57.76,69.8,88,40,8.05
37,Balsas,BR,2020-08-22 18:31:06,-7.53,-46.04,100.51,16,36,6.44
38,Piet Retief,ZA,2020-08-22 18:31:06,-27.01,30.81,47.26,77,0,2.73
39,Punta Arenas,CL,2020-08-22 18:31:06,-53.15,-70.92,46.4,70,75,16.11
40,Kaberamaido,UG,2020-08-22 18:31:07,1.74,33.16,69.17,81,4,2.89
41,Kapaa,US,2020-08-22 18:28:06,22.08,-159.32,80.6,69,1,17.22
42,Asyut,EG,2020-08-22 18:31:07,27.18,31.18,86.0,48,0,13.87
43,Souillac,MU,2020-08-22 18:31:07,-20.52,57.52,69.8,88,40,8.05
44,Zhigansk,RU,2020-08-22 18:31:08,66.77,123.37,39.06,78,87,15.39
45,Nuuk,GL,2020-08-22 18:31:08,64.18,-51.72,46.4,81,75,3.36
46,Qaanaaq,GL,2020-08-22 18:31:08,77.48,-69.36,38.34,78,100,2.84
47,Santiago Del Estero,AR,2020-08-22 18:30:31,-27.8,-64.26,71.44,19,0,15.23
48,Bluff,NZ,2020-08-22 18:31:09,-46.6,168.33,39.99,97,94,9.69
49,Khatanga,RU,2020-08-22 18:31:09,71.97,102.5,48.79,76,0,7.14
50,Kangaatsiaq,GL,2020-08-22 18:31:09,68.31,-53.46,46.13,80,0,6.78
51,Hoi An,VN,2020-08-22 18:31:10,15.88,108.33,78.8,94,40,3.36
52,Hobart,AU,2020-08-22 18:29:50,-42.88,147.33,45.0,93,90,9.17
53,Luderitz,NA,2020-08-22 18:31:10,-26.65,15.16,67.64,26,0,9.75
54,Pisco,PE,2020-08-22 18:31:11,-13.7,-76.22,64.99,82,90,5.82
55,Kupang,ID,2020-08-22 18:27:49,-10.17,123.58,72.91,80,0,6.93
56,West Bay,KY,2020-08-22 18:31:11,19.37,-81.42,89.6,66,20,13.87
57,San Patricio,MX,2020-08-22 18:31:11,19.22,-104.7,89.6,75,75,11.41
58,Kavaratti,IN,2020-08-22 18:31:12,10.57,72.64,82.74,78,73,12.03
59,Barcelona,ES,2020-08-22 18:29:45,41.39,2.16,82.4,65,20,5.82
60,Kenitra,MA,2020-08-22 18:31:12,34.26,-6.58,77.0,73,18,9.17
61,Moree,AU,2020-08-22 18:31:13,-29.47,149.85,37.4,69,0,8.05
62,Nanortalik,GL,2020-08-22 18:31:13,60.14,-45.24,48.92,66,43,3.29
63,Domoni,KM,2020-08-22 18:31:13,-12.26,44.53,75.0,76,0,1.92
64,Yeppoon,AU,2020-08-22 18:31:13,-23.13,150.73,60.8,51,0,11.41
65,Santa Isabel Do Rio Negro,BR,2020-08-22 18:31:14,-0.41,-65.02,89.82,51,50,1.81
66,Nianzishan,CN,2020-08-22 18:31:14,47.52,122.88,60.64,66,100,5.14
67,Saint Marys,US,2020-08-22 18:29:53,30.73,-81.55,87.01,84,40,10.29
68,Tasiilaq,GL,2020-08-22 18:31:14,65.61,-37.64,50.0,53,20,12.75
69,Georgetown,MY,2020-08-22 18:28:32,5.41,100.34,80.6,88,20,1.63
70,Carndonagh,IE,2020-08-22 18:31:15,55.25,-7.27,56.91,92,22,9.4
71,Zhigalovo,RU,2020-08-22 18:31:15,54.81,105.16,54.07,81,93,1.48
72,Jamestown,US,2020-08-22 18:30:53,42.1,-79.24,84.99,51,20,6.93
73,Malabo,GQ,2020-08-22 18:31:16,3.75,8.78,77.02,80,14,10.87
74,Hilo,US,2020-08-22 18:31:16,19.73,-155.09,78.8,78,1,2.08
75,Jumla,NP,2020-08-22 18:31:16,29.27,82.18,60.08,69,56,2.24
76,Golden,US,2020-08-22 18:29:49,39.76,-105.22,95.0,11,40,8.05
77,Vaini,TO,2020-08-22 18:31:17,-21.2,-175.2,75.2,94,40,5.82
78,Bredasdorp,ZA,2020-08-22 18:27:42,-34.53,20.04,55.4,87,0,11.41
79,Hithadhoo,MV,2020-08-22 18:31:17,-0.6,73.08,83.48,79,0,15.08
80,Victoria,HK,2020-08-22 18:27:02,22.29,114.16,82.0,78,87,6.15
81,Provideniya,RU,2020-08-22 18:28:18,64.38,-173.3,48.97,94,100,5.48
82,Castro,BR,2020-08-22 18:28:34,-24.79,-50.01,51.94,70,71,9.1
83,Rafaela,AR,2020-08-22 18:31:18,-31.25,-61.49,66.99,11,0,8.01
84,Tautira,PF,2020-08-22 18:31:18,-17.73,-149.15,78.8,74,40,21.34
85,Butaritari,KI,2020-08-22 18:31:19,3.07,172.79,82.58,65,70,6.26
86,Chipinge,ZW,2020-08-22 18:31:19,-20.19,32.62,53.17,79,3,5.35
87,Santa Rosalia,MX,2020-08-22 18:31:19,27.32,-112.28,88.18,53,24,8.72
88,Cayenne,GF,2020-08-22 18:29:59,4.93,-52.33,78.8,69,4,10.29
89,Qaqortoq,GL,2020-08-22 18:27:45,60.72,-46.03,55.4,58,20,10.29
90,Niihama,JP,2020-08-22 18:31:20,33.96,133.32,79.0,87,100,1.81
91,Kavieng,PG,2020-08-22 18:31:20,-2.57,150.8,81.19,75,1,1.57
92,Mount Gambier,AU,2020-08-22 18:30:42,-37.83,140.77,44.6,81,75,13.87
93,Roald,NO,2020-08-22 18:31:20,62.58,6.13,60.8,82,75,16.11
94,East London,ZA,2020-08-22 18:31:20,-33.02,27.91,67.57,37,0,5.86
95,Kruisfontein,ZA,2020-08-22 18:31:21,-34.0,24.73,55.99,74,0,1.99
96,Mount Isa,AU,2020-08-22 18:31:21,-20.73,139.5,59.0,33,0,14.99
97,Faanui,PF,2020-08-22 18:31:21,-16.48,-151.75,76.86,80,11,25.5
98,Makrana,IN,2020-08-22 18:31:22,27.05,74.72,81.54,76,1,9.75
99,Dwarka,IN,2020-08-22 18:31:22,22.24,68.97,82.17,89,100,14.45
100,Angoram,PG,2020-08-22 18:31:22,-4.06,144.07,73.17,98,33,1.05
101,Chokurdakh,RU,2020-08-22 18:31:22,70.63,147.92,30.83,99,98,5.59
102,Ponta Do Sol,PT,2020-08-22 18:31:23,32.67,-17.1,73.99,82,0,5.12
103,College,US,2020-08-22 18:28:38,64.86,-147.8,64.99,59,75,4.7
104,Yar-Sale,RU,2020-08-22 18:28:35,66.83,70.83,50.7,90,0,8.86
105,Prince Rupert,CA,2020-08-22 18:31:03,54.32,-130.32,57.2,87,90,14.99
106,Bongandanga,CD,2020-08-22 18:31:23,1.5,21.05,72.1,95,100,2.71
107,Tura,IN,2020-08-22 18:31:24,25.52,90.22,73.83,97,57,6.08
108,Coaticook,CA,2020-08-22 18:31:24,45.13,-71.8,73.4,56,40,6.93
109,Port Lincoln,AU,2020-08-22 18:30:25,-34.73,135.87,49.19,75,60,11.48
110,Changping,CN,2020-08-22 18:31:24,40.22,116.22,79.0,88,11,2.24
111,Swellendam,ZA,2020-08-22 18:31:25,-34.02,20.44,55.4,87,0,11.41
112,Alta Floresta,BR,2020-08-22 18:31:25,-9.88,-56.09,87.8,31,0,5.82
113,Xining,CN,2020-08-22 18:31:25,36.62,101.77,55.42,83,100,1.9
114,Ancud,CL,2020-08-22 18:30:28,-41.87,-73.82,55.0,100,90,13.87
115,Vadlapudi,IN,2020-08-22 18:31:25,14.32,79.8,83.82,74,49,7.23
116,Springfield,US,2020-08-22 18:27:59,37.22,-93.3,89.01,33,20,4.09
117,Andenes,NO,2020-08-22 18:28:39,69.31,16.12,57.2,100,100,3.36
118,Ibipeba,BR,2020-08-22 18:31:26,-11.64,-42.01,89.2,26,15,10.69
119,Sao Jose Da Coroa Grande,BR,2020-08-22 18:26:46,-8.9,-35.15,78.48,74,14,10.47
120,Kabalo,CD,2020-08-22 18:31:27,-6.05,26.92,81.23,40,19,1.25
121,Carnarvon,AU,2020-08-22 18:27:41,-24.87,113.63,66.2,77,88,8.05
122,Pietersburg,ZA,2020-08-22 18:31:27,-23.9,29.47,53.6,62,0,5.82
123,Saint George,US,2020-08-22 18:31:04,37.1,-113.58,97.0,30,1,3.36
124,Henties Bay,NA,2020-08-22 18:31:27,-22.12,14.28,68.0,53,0,8.14
125,Kloulklubed,PW,2020-08-22 18:31:28,7.04,134.26,75.2,94,75,3.36
126,Lata,PT,2020-08-22 18:31:28,40.16,-8.33,75.0,68,0,3.0
127,Kodiak,US,2020-08-22 18:27:36,57.79,-152.41,64.4,63,1,8.05
128,Rabo De Peixe,PT,2020-08-22 18:31:29,37.8,-25.58,77.0,78,20,6.93
129,Cruzilia,BR,2020-08-22 18:31:29,-21.84,-44.81,52.3,84,100,8.39
130,Great Falls,US,2020-08-22 18:29:50,47.5,-111.3,82.99,26,1,16.11
131,Husavik,IS,2020-08-22 18:31:29,66.04,-17.34,50.0,71,0,14.99
132,Ixtapa,MX,2020-08-22 18:27:42,20.7,-105.2,90.0,74,75,8.05
133,Omboue,GA,2020-08-22 18:31:30,-1.57,9.26,74.46,79,88,8.5
134,Barrow,US,2020-08-22 18:30:43,71.29,-156.79,41.0,93,90,24.16
135,Quatre Cocos,MU,2020-08-22 18:31:30,-20.21,57.76,69.8,88,40,8.05
136,Chkalovskoye,RU,2020-08-22 18:31:30,44.84,133.04,55.72,84,100,3.8
137,Asfi,MA,2020-08-22 18:31:31,32.3,-9.24,75.67,69,14,20.31
138,Aktash,RU,2020-08-22 18:31:31,50.3,87.73,36.75,82,93,2.75
139,Acarau,BR,2020-08-22 18:31:31,-2.89,-40.12,83.1,63,3,17.94
140,Marzuq,YE,2020-08-22 18:31:31,14.4,46.47,84.27,45,65,6.69
141,Piste,MX,2020-08-22 18:31:32,20.7,-88.58,87.91,67,88,5.35
142,Hasaki,JP,2020-08-22 18:31:32,35.73,140.83,77.0,94,75,6.93
143,Birjand,IR,2020-08-22 18:31:32,32.87,59.22,84.2,7,0,13.87
144,Naze,JP,2020-08-22 18:31:32,28.37,129.48,84.2,89,40,5.82
145,Tapah,MY,2020-08-22 18:29:59,4.2,101.26,77.0,94,40,2.24
146,Bumba,CD,2020-08-22 18:31:33,2.18,22.47,73.62,93,100,4.79
147,Itarema,BR,2020-08-22 18:31:33,-2.92,-39.92,82.38,64,0,16.75
148,Gardanne,FR,2020-08-22 18:31:34,43.45,5.47,91.0,35,0,18.34
149,Ilhabela,BR,2020-08-22 18:31:34,-23.78,-45.36,62.58,75,98,4.99
150,Lorengau,PG,2020-08-22 18:30:14,-2.02,147.27,80.71,76,21,1.99
151,Sao Filipe,CV,2020-08-22 18:28:21,14.9,-24.5,79.54,76,70,3.56
152,Langarud,IR,2020-08-22 18:31:35,37.2,50.15,73.4,100,90,9.17
153,Kizhinga,RU,2020-08-22 18:31:35,51.85,109.91,54.46,93,98,4.41
154,Cidreira,BR,2020-08-22 18:28:24,-30.18,-50.21,56.5,61,0,7.18
155,Ribeira Grande,PT,2020-08-22 18:31:35,38.52,-28.7,75.2,73,20,5.82
156,Mehamn,NO,2020-08-22 18:26:45,71.04,27.85,62.92,72,45,19.71
157,Mangrol,IN,2020-08-22 18:31:36,21.12,70.12,82.13,86,100,19.98
158,Pierre,US,2020-08-22 18:31:36,44.37,-100.35,93.99,43,1,3.36
159,Nizwa,OM,2020-08-22 18:31:37,22.93,57.53,86.31,51,94,5.86
160,Tutoia,BR,2020-08-22 18:31:37,-2.76,-42.27,82.69,72,1,13.11
161,Ponta Delgada,PT,2020-08-22 18:31:37,37.73,-25.67,77.0,78,20,6.93
162,Grand Gaube,MU,2020-08-22 18:29:01,-20.01,57.66,68.0,81,2,4.0
163,Maceio,BR,2020-08-22 18:31:11,-9.67,-35.74,80.6,65,40,8.05
164,Bethel,US,2020-08-22 18:31:38,41.37,-73.41,87.01,45,40,6.93
165,Marsh Harbour,BS,2020-08-22 18:31:38,26.54,-77.06,85.06,75,0,15.95
166,Dikson,RU,2020-08-22 18:31:38,73.51,80.55,47.82,76,68,8.01
167,Dunedin,NZ,2020-08-22 18:31:39,-45.87,170.5,48.0,89,36,4.0
168,Waingapu,ID,2020-08-22 18:31:39,-9.66,120.26,73.36,80,69,6.91
169,Cherskiy,RU,2020-08-22 18:31:39,68.75,161.3,38.5,92,100,20.4
170,Isaccea,RO,2020-08-22 18:31:39,45.27,28.47,77.0,61,62,5.82
171,Weligama,LK,2020-08-22 18:31:40,5.97,80.42,79.68,87,100,7.05
172,Sampit,ID,2020-08-22 18:31:40,-2.53,112.95,74.75,96,100,2.33
173,Tessalit,ML,2020-08-22 18:31:40,20.2,1.01,102.65,12,27,8.57
174,Puerto Del Rosario,ES,2020-08-22 18:31:40,28.5,-13.86,82.4,69,0,13.87
175,Petropavlovsk-Kamchatskiy,RU,2020-08-22 18:31:40,53.05,158.65,46.4,81,0,8.95
176,Constitucion,CL,2020-08-22 18:31:41,-35.33,-72.42,60.26,60,0,7.74
177,Clyde River,CA,2020-08-22 18:31:41,70.47,-68.59,49.5,71,100,7.2
178,Vila Velha,BR,2020-08-22 18:29:18,-20.33,-40.29,64.4,93,90,17.22
179,Richards Bay,ZA,2020-08-22 18:31:41,-28.78,32.04,66.6,67,0,13.4
180,Sangar,RU,2020-08-22 18:31:42,63.92,127.47,38.62,81,37,3.51
181,Beira,MZ,2020-08-22 18:31:42,-19.84,34.84,73.0,68,40,11.41
182,Yellowknife,CA,2020-08-22 18:31:42,62.46,-114.35,54.0,71,75,14.99
183,Ulaangom,MN,2020-08-22 18:31:42,49.98,92.07,56.53,70,0,6.55
184,Saint-Philippe,RE,2020-08-22 18:31:43,-21.36,55.77,69.8,68,34,5.82
185,Busselton,AU,2020-08-22 18:28:01,-33.65,115.33,51.01,84,68,11.21
186,Porbandar,IN,2020-08-22 18:31:43,21.64,69.61,82.36,88,100,19.13
187,Southbridge,US,2020-08-22 18:31:43,42.08,-72.03,88.0,36,58,1.99
188,Santa Cruz De Tenerife,ES,2020-08-22 18:31:44,28.47,-16.25,89.6,19,15,2.24
189,Plettenberg Bay,ZA,2020-08-22 18:31:44,-34.05,23.37,56.75,82,0,6.08
190,Hovd,MN,2020-08-22 18:31:44,48.01,91.64,58.8,52,97,3.6
191,Torbay,CA,2020-08-22 18:29:14,47.67,-52.73,69.01,56,75,10.29
192,Jalu,LY,2020-08-22 18:31:45,29.03,21.55,84.76,41,0,16.13
193,Alice,US,2020-08-22 18:29:41,27.75,-98.07,96.8,41,75,8.05
194,Camacha,PT,2020-08-22 18:31:45,33.08,-16.33,75.2,69,20,16.11
195,La Grande,US,2020-08-22 18:31:46,45.32,-118.09,73.4,46,20,4.38
196,Esperance,AU,2020-08-22 18:31:46,-33.87,121.9,51.8,81,90,14.99
197,Tuktoyaktuk,CA,2020-08-22 18:31:46,69.45,-133.04,51.8,81,20,9.17
198,Pecos,US,2020-08-22 18:31:46,31.42,-103.49,95.0,26,1,4.7
199,Bundaberg,AU,2020-08-22 18:31:47,-24.85,152.35,55.0,40,0,5.82
200,Emerald,AU,2020-08-22 18:31:47,-23.53,148.17,51.8,43,0,8.05
201,Thompson,CA,2020-08-22 18:31:47,55.74,-97.86,50.0,76,75,10.29
202,Whitehorse,CA,2020-08-22 18:31:48,60.72,-135.05,59.0,82,75,2.24
203,Coquimbo,CL,2020-08-22 18:31:48,-29.95,-71.34,51.8,81,90,9.17
204,Cape Town,ZA,2020-08-22 18:28:02,-33.93,18.42,57.99,87,0,8.05
205,Laguna,US,2020-08-22 18:31:48,38.42,-121.42,81.0,51,20,3.36
206,Yepifan,RU,2020-08-22 18:27:12,53.83,38.55,60.75,76,1,4.97
207,Honningsvag,NO,2020-08-22 18:31:49,70.98,25.97,59.0,79,0,20.78
208,Solnechnyy,RU,2020-08-22 18:31:49,50.72,136.63,59.2,90,96,4.05
209,Igbo Ora,NG,2020-08-22 18:31:49,7.43,3.28,75.52,85,100,6.31
210,Slupca,PL,2020-08-22 18:31:49,52.29,17.87,64.99,93,100,9.13
211,Avarua,CK,2020-08-22 18:31:49,-21.21,-159.78,73.4,78,52,4.7
212,Egvekinot,RU,2020-08-22 18:29:05,66.32,-179.17,46.54,99,100,8.46
213,Klaksvik,FO,2020-08-22 18:27:58,62.23,-6.59,46.4,93,100,23.04
214,Paamiut,GL,2020-08-22 18:31:50,61.99,-49.67,44.01,91,18,10.83
215,Port Hardy,CA,2020-08-22 18:31:50,50.7,-127.42,57.2,100,90,5.82
216,Matara,LK,2020-08-22 18:31:51,5.95,80.54,79.47,87,100,6.58
217,Ilulissat,GL,2020-08-22 18:31:51,69.22,-51.1,44.6,65,20,4.7
218,Erzincan,TR,2020-08-22 18:31:52,39.75,39.5,62.6,59,75,14.99
219,Bulgan,MN,2020-08-22 18:31:52,48.81,103.53,53.15,67,27,2.66
220,Banda Aceh,ID,2020-08-22 18:31:52,5.56,95.32,78.98,80,10,7.02
221,Bogen,DE,2020-08-22 18:31:52,48.91,12.69,68.0,10,100,3.8
222,Riyadh,SA,2020-08-22 18:28:22,24.69,46.72,100.4,12,54,6.93
223,Lavrentiya,RU,2020-08-22 18:31:53,65.58,-171.0,46.17,95,100,9.48
224,Hamilton,US,2020-08-22 18:30:53,39.18,-84.53,84.99,69,75,5.82
225,Ranong,TH,2020-08-22 18:30:08,9.97,98.63,79.81,83,63,7.87
226,Makakilo City,US,2020-08-22 18:31:53,21.35,-158.09,82.4,61,1,5.82
227,Ternate,ID,2020-08-22 18:31:54,0.8,127.4,79.83,78,29,4.0
228,Veraval,IN,2020-08-22 18:31:54,20.9,70.37,82.18,86,100,19.69
229,Chalus,IR,2020-08-22 18:31:54,36.66,51.42,73.4,100,90,2.24
230,Kieta,PG,2020-08-22 18:31:54,-6.22,155.63,78.73,75,100,3.18
231,Luangwa,ZM,2020-08-22 18:31:55,-15.62,30.42,71.2,47,0,8.99
232,Aksay,RU,2020-08-22 18:31:55,47.26,39.87,68.0,40,20,11.18
233,Komsomolskiy,UZ,2020-08-22 18:28:59,40.43,71.72,71.6,46,0,4.7
234,Haimen,CN,2020-08-22 18:31:55,23.19,116.61,78.8,94,100,2.24
235,Praia Da Vitoria,PT,2020-08-22 18:31:56,38.73,-27.07,77.0,69,20,5.75
236,Kapuskasing,CA,2020-08-22 18:31:56,49.42,-82.43,73.4,60,75,8.05
237,Sur,OM,2020-08-22 18:29:14,22.57,59.53,81.16,75,98,13.51
238,Chuy,UY,2020-08-22 18:28:28,-33.7,-53.46,58.71,45,0,4.23
239,Son La,VN,2020-08-22 18:31:57,21.32,103.9,70.21,95,93,2.08
240,Bathsheba,BB,2020-08-22 18:31:57,13.22,-59.52,87.8,70,20,11.41
241,Karasjok,NO,2020-08-22 18:31:57,69.47,25.51,66.2,72,99,34.45
242,Takoradi,GH,2020-08-22 18:31:58,4.88,-1.76,75.74,86,30,9.84
243,Elmira,US,2020-08-22 18:27:06,42.09,-76.81,89.6,35,75,6.93
244,Port Blair,IN,2020-08-22 18:30:17,11.67,92.75,82.22,78,100,12.86
245,Savannakhet,LA,2020-08-22 18:31:58,16.57,104.75,76.51,91,100,8.59
246,Talnakh,RU,2020-08-22 18:28:26,69.49,88.4,57.2,67,81,11.18
247,Yulara,AU,2020-08-22 18:31:59,-25.24,130.99,51.8,40,0,6.93
248,Varhaug,NO,2020-08-22 18:31:59,58.61,5.65,57.99,95,98,10.0
249,Fortuna,US,2020-08-22 18:31:59,40.6,-124.16,68.0,93,90,9.17
250,Marawi,PH,2020-08-22 18:32:00,8.0,124.29,75.0,93,0,4.0
251,Lebu,CL,2020-08-22 18:28:10,-37.62,-73.65,54.39,72,0,11.41
252,Miastko,PL,2020-08-22 18:32:00,54.0,16.98,66.99,91,100,4.0
253,Izhma,RU,2020-08-22 18:32:00,65.01,53.91,53.53,84,51,2.53
254,Shimoda,JP,2020-08-22 18:32:01,34.67,138.95,71.01,93,100,3.36
255,Gamba,GA,2020-08-22 18:32:01,-2.65,10.0,73.35,85,63,7.63
256,Russell,US,2020-08-22 18:32:01,32.35,-85.2,86.0,62,40,3.36
257,Santo Domingo Suchitepequez,GT,2020-08-22 18:32:01,14.47,-91.48,84.2,79,90,6.93
258,Suez,EG,2020-08-22 18:32:01,29.97,32.53,78.03,71,0,12.26
259,Ilebo,CD,2020-08-22 18:32:02,-4.32,20.58,74.98,78,73,1.61
260,Bichura,RU,2020-08-22 18:32:02,50.59,107.6,54.77,84,0,0.87
261,Comodoro Rivadavia,AR,2020-08-22 18:27:29,-45.87,-67.5,68.0,30,40,26.4
262,Luorong,CN,2020-08-22 18:32:02,24.41,109.61,79.27,81,27,0.67
263,Mana,GF,2020-08-22 18:32:03,5.66,-53.78,84.9,63,24,9.22
264,Ambulu,ID,2020-08-22 18:32:03,-8.35,113.61,72.41,89,0,3.27
265,Najran,SA,2020-08-22 18:27:34,17.49,44.13,91.4,22,18,4.7
266,Sassandra,CI,2020-08-22 18:32:03,4.95,-6.08,75.24,89,26,8.41
267,Mar Del Plata,AR,2020-08-22 18:30:47,-38.0,-57.56,62.6,29,0,14.99
268,Kondopoga,RU,2020-08-22 18:32:04,62.21,34.26,59.0,93,30,5.26
269,Flinders,AU,2020-08-22 18:27:14,-34.58,150.86,50.0,63,41,10.0
270,Coahuayana,MX,2020-08-22 18:32:04,18.73,-103.68,80.6,78,75,6.85
271,Bahia Blanca,AR,2020-08-22 18:29:18,-38.72,-62.27,63.61,29,0,19.08
272,Lithakia,GR,2020-08-22 18:32:05,37.72,20.83,86.0,48,0,9.71
273,Thyolo,MW,2020-08-22 18:32:05,-16.07,35.14,56.77,91,4,7.34
274,Mayo,US,2020-08-22 18:32:05,38.89,-76.51,84.0,78,40,11.41
275,Norman Wells,CA,2020-08-22 18:32:05,65.28,-126.83,60.8,67,40,12.75
276,Sioux Lookout,CA,2020-08-22 18:32:06,50.1,-91.92,75.2,78,90,6.93
277,Wukari,NG,2020-08-22 18:32:06,7.85,9.78,76.64,86,100,3.49
278,Hobyo,SO,2020-08-22 18:32:06,5.35,48.53,76.51,77,100,27.0
279,Leopold,AU,2020-08-22 18:32:07,-38.18,144.47,46.4,100,75,17.22
280,Turukhansk,RU,2020-08-22 18:32:07,65.82,87.98,56.17,89,100,2.57
281,Berdigestyakh,RU,2020-08-22 18:32:07,62.1,126.7,36.72,82,0,3.58
282,Portobelo,PA,2020-08-22 18:32:07,9.55,-79.65,84.99,79,81,10.0
283,Yuzawa,JP,2020-08-22 18:32:08,39.17,140.5,69.31,91,100,1.43
284,Geraldton,AU,2020-08-22 18:31:38,-28.77,114.6,59.0,87,90,5.82
285,Sitka,US,2020-08-22 18:28:24,57.05,-135.33,55.4,93,75,3.36
286,Shebalino,RU,2020-08-22 18:32:08,51.29,85.68,50.61,63,100,6.71
287,Visnes,NO,2020-08-22 18:32:09,59.36,5.22,59.0,93,100,20.8
288,Los Llanos De Aridane,ES,2020-08-22 18:28:46,28.66,-17.92,77.0,78,3,17.22
289,Tuatapere,NZ,2020-08-22 18:32:09,-46.13,167.68,39.99,97,100,3.47
290,Carahue,CL,2020-08-22 18:32:09,-38.7,-73.17,51.8,76,0,2.24
291,Staraya Russa,RU,2020-08-22 18:32:09,57.99,31.36,59.63,82,78,6.78
292,Ust-Koksa,RU,2020-08-22 18:32:10,50.27,85.61,47.75,63,100,2.35
293,Kidal,ML,2020-08-22 18:32:10,18.44,1.41,99.68,21,2,12.33
294,Bloemfontein,ZA,2020-08-22 18:32:10,-29.12,26.21,50.0,39,0,2.24
295,Sao Joao Da Barra,BR,2020-08-22 18:32:10,-21.64,-41.05,64.4,93,90,18.34
296,Narsaq,GL,2020-08-22 18:32:10,60.92,-46.05,55.4,58,20,10.29
297,Jodar,ES,2020-08-22 18:32:11,37.84,-3.35,93.99,23,0,5.32
298,Lasa,IT,2020-08-22 18:32:11,46.62,10.7,63.0,100,20,5.82
299,Deputatskiy,RU,2020-08-22 18:32:11,69.3,139.9,28.31,99,100,1.3
300,Biankouma,CI,2020-08-22 18:32:11,7.74,-7.61,72.79,92,96,0.74
301,Iqaluit,CA,2020-08-22 18:29:44,63.75,-68.51,50.0,61,20,4.7
302,Ust-Nera,RU,2020-08-22 18:32:12,64.57,143.2,36.19,80,100,4.88
303,Port Hawkesbury,CA,2020-08-22 18:32:12,45.62,-61.35,73.99,46,1,12.75
304,Torres,BR,2020-08-22 18:32:12,-29.34,-49.73,56.68,61,0,4.9
305,Amberley,US,2020-08-22 18:32:12,39.2,-84.43,86.0,69,75,5.82
306,Astoria,US,2020-08-22 18:32:13,46.19,-123.83,64.99,72,1,5.82
307,Havre-Saint-Pierre,CA,2020-08-22 18:32:13,50.23,-63.6,62.6,63,1,18.34
308,Acari,PE,2020-08-22 18:32:13,-15.43,-74.62,74.34,43,0,8.97
309,Morondava,MG,2020-08-22 18:32:13,-20.28,44.28,73.2,75,0,10.18
310,Benghazi,LY,2020-08-22 18:32:14,32.12,20.07,80.49,70,0,15.14
311,Kudahuvadhoo,MV,2020-08-22 18:32:14,2.67,72.89,84.38,68,22,8.23
312,Halapitan,PH,2020-08-22 18:32:14,7.92,125.33,68.58,88,28,0.87
313,Mandera,KE,2020-08-22 18:32:15,3.94,41.87,83.86,44,100,14.85
314,La Joya,MX,2020-08-22 18:32:15,18.67,-99.47,86.0,69,75,8.05
315,San Borja,BO,2020-08-22 18:32:15,-14.82,-66.85,64.06,41,100,3.85
316,Atar,MR,2020-08-22 18:32:15,20.52,-13.05,109.0,9,81,6.91
317,Half Moon Bay,US,2020-08-22 18:32:15,37.46,-122.43,81.0,87,75,9.17
318,Giurgita,RO,2020-08-22 18:32:16,44.02,23.63,79.0,50,0,4.7
319,Kant,IN,2020-08-22 18:32:16,27.8,79.8,79.7,87,6,11.27
320,Inirida,CO,2020-08-22 18:32:16,3.87,-67.92,77.67,87,96,2.73
321,Amapa,BR,2020-08-22 18:32:16,1.0,-52.0,91.54,44,87,1.19
322,Meulaboh,ID,2020-08-22 18:32:16,4.14,96.13,74.73,88,91,3.04
323,Tambopata,PE,2020-08-22 18:32:17,-12.73,-69.18,66.2,63,75,5.82
324,Houma,US,2020-08-22 18:29:58,29.6,-90.72,91.99,49,1,5.82
325,Yuli,NG,2020-08-22 18:32:17,9.7,10.27,75.76,87,97,3.85
326,Panzhihua,CN,2020-08-22 18:32:18,26.59,101.71,70.36,80,20,0.4
327,Hokitika,NZ,2020-08-22 18:32:18,-42.72,170.97,46.78,79,67,6.15
328,Sinjar,IQ,2020-08-22 18:32:18,36.32,41.88,80.22,22,0,8.55
329,Beringovskiy,RU,2020-08-22 18:32:19,63.05,179.32,52.0,90,59,10.54
330,Nchelenge,ZM,2020-08-22 18:32:19,-9.35,28.73,76.82,43,86,8.05
331,Nouakchott,MR,2020-08-22 18:32:19,18.09,-15.98,87.8,74,75,18.34
332,Ahipara,NZ,2020-08-22 18:32:19,-35.17,173.17,53.8,91,15,6.24
333,Mikhaylovka,RU,2020-08-22 18:32:20,50.06,43.24,63.0,50,88,1.99
334,Tamiahua,MX,2020-08-22 18:32:20,21.27,-97.45,88.77,63,34,7.87
335,Upernavik,GL,2020-08-22 18:32:20,72.79,-56.15,43.93,72,70,9.91
336,Bereda,ES,2020-08-22 18:32:20,43.27,-7.54,72.0,67,1,13.0
337,Pevek,RU,2020-08-22 18:32:20,69.7,170.31,38.59,97,100,5.84
338,Waipawa,NZ,2020-08-22 18:32:21,-41.41,175.52,50.0,87,82,4.7
339,Whithorn,JM,2020-08-22 18:32:21,18.26,-78.04,87.8,58,20,8.05
340,Maralal,KE,2020-08-22 18:32:21,1.1,36.7,60.51,77,100,6.22
341,Auki,SB,2020-08-22 18:32:22,-8.77,160.7,77.99,86,100,6.35
342,Eureka,US,2020-08-22 18:28:48,40.8,-124.16,66.99,87,90,6.93
343,Kardasova Recice,CZ,2020-08-22 18:32:22,49.18,14.85,69.01,83,100,6.78
344,Saratoga Springs,US,2020-08-22 18:29:30,43.08,-73.78,82.0,81,4,1.01
345,Vanimo,PG,2020-08-22 18:32:22,-2.67,141.3,78.03,82,17,3.67
346,Anadyr,RU,2020-08-22 18:32:23,64.75,177.48,50.0,93,75,11.18
347,Lakes Entrance,AU,2020-08-22 18:32:23,-37.88,147.98,45.0,76,53,1.99
348,Nemuro,JP,2020-08-22 18:32:23,43.32,145.57,59.86,87,0,6.78
349,Bela,IN,2020-08-22 18:32:23,25.93,81.98,80.46,83,26,5.5
350,Paragominas,BR,2020-08-22 18:32:24,-2.97,-47.48,94.55,30,78,4.94
351,Kamenka,RU,2020-08-22 18:32:24,51.32,42.77,62.01,57,33,1.99
352,Rudbar,AF,2020-08-22 18:31:07,30.15,62.6,87.35,12,0,9.75
353,Nodeland,NO,2020-08-22 18:32:24,58.16,7.84,60.8,82,6,11.41
354,Hulan Ergi,CN,2020-08-22 18:32:25,47.2,123.63,61.83,58,100,8.05
355,Chekhov,RU,2020-08-22 18:32:25,55.14,37.47,66.2,72,60,2.24
356,Rio Gallegos,AR,2020-08-22 18:28:21,-51.62,-69.22,55.4,47,75,18.34
357,Kahului,US,2020-08-22 18:32:25,20.89,-156.47,80.6,69,40,8.05
358,Irbit,RU,2020-08-22 18:32:06,57.67,63.07,52.92,96,100,5.39
359,Walvis Bay,NA,2020-08-22 18:32:26,-22.96,14.51,68.0,53,0,14.0
360,Kjollefjord,NO,2020-08-22 18:32:26,70.95,27.35,61.32,76,28,21.32
361,Matay,EG,2020-08-22 18:32:26,28.42,30.78,87.13,36,0,20.78
362,Binga,ZW,2020-08-22 18:32:27,-17.62,27.34,70.2,60,59,9.04
363,Kyzyl-Suu,KG,2020-08-22 18:32:27,42.34,78.0,59.68,39,100,3.33
364,Vuktyl,RU,2020-08-22 18:32:27,63.86,57.31,50.31,93,0,5.3
365,Tete,MZ,2020-08-22 18:32:27,-16.16,33.59,75.0,56,40,13.87
366,Ise,JP,2020-08-22 18:32:28,34.48,136.7,79.0,88,90,1.01
367,Guerrero Negro,MX,2020-08-22 18:32:28,27.98,-114.06,90.34,38,0,7.76
368,Vostok,RU,2020-08-22 18:32:28,46.49,135.88,50.4,92,100,3.56
369,Wanning,CN,2020-08-22 18:32:28,18.8,110.4,79.66,85,1,3.47
370,Oga,IT,2020-08-22 18:32:29,46.46,10.35,63.0,82,29,8.05
371,Corn Island,NI,2020-08-22 18:32:29,12.17,-83.04,81.01,78,2,4.07
372,Nouadhibou,MR,2020-08-22 18:28:14,20.93,-17.03,77.0,73,0,18.34
373,Manthani,IN,2020-08-22 18:32:29,18.65,79.67,77.76,88,100,7.11
374,Sarahan,IN,2020-08-22 18:32:29,31.52,77.8,60.58,73,1,0.45
375,Tiznit,MA,2020-08-22 18:32:30,29.58,-9.5,92.43,22,68,3.6
376,Menongue,AO,2020-08-22 18:32:30,-14.66,17.69,67.1,27,54,4.63
377,Eyl,SO,2020-08-22 18:32:30,7.98,49.82,77.36,72,100,25.88
378,Bonavista,CA,2020-08-22 18:29:16,48.65,-53.11,64.0,78,0,3.0
379,Brae,GB,2020-08-22 18:32:31,60.4,-1.35,57.2,87,28,10.29
380,Vila Franca Do Campo,PT,2020-08-22 18:32:31,37.72,-25.43,77.0,78,20,6.93
381,Westport,US,2020-08-22 18:32:31,41.14,-73.36,89.01,54,1,10.29
382,Bartica,GY,2020-08-22 18:32:31,6.4,-58.62,91.4,59,40,13.87
383,Dakar,SN,2020-08-22 18:32:31,14.69,-17.44,86.0,74,40,9.17
384,San Cristobal,VE,2020-08-22 18:32:32,7.77,-72.22,93.2,36,40,14.99
385,Micheweni,TZ,2020-08-22 18:32:32,-4.97,39.83,76.48,76,62,14.23
386,Tabou,CI,2020-08-22 18:32:32,4.42,-7.35,75.92,88,47,10.65
387,Yazman,PK,2020-08-22 18:32:32,29.12,71.74,97.86,38,0,9.51
388,Fort William,GB,2020-08-22 18:32:33,56.82,-5.11,55.99,95,64,3.69
389,Margate,GB,2020-08-22 18:32:33,51.38,1.39,69.01,64,100,4.0
390,Urucui,BR,2020-08-22 18:32:33,-7.23,-44.56,95.0,25,95,4.61
391,Kita,ML,2020-08-22 18:32:33,13.03,-9.49,73.76,95,100,3.33
392,Dongying,CN,2020-08-22 18:32:34,37.46,118.49,71.19,75,0,4.88
393,San Policarpo,PH,2020-08-22 18:32:34,12.18,125.51,80.62,84,100,6.85
394,Palu,ID,2020-08-22 18:32:34,-0.89,119.87,75.4,76,89,3.85
395,Lloydminster,CA,2020-08-22 18:32:35,53.28,-110.0,60.8,82,90,12.75
396,Peterhead,GB,2020-08-22 18:32:27,57.51,-1.8,61.0,77,40,6.93
397,Bandrele,YT,2020-08-22 18:32:35,-12.91,45.19,73.4,83,0,2.24
398,Gweru,ZW,2020-08-22 18:29:05,-19.45,29.82,56.37,69,78,9.08
399,Broome,US,2020-08-22 18:28:12,42.25,-75.83,84.0,45,20,3.36
400,Sept-Iles,CA,2020-08-22 18:32:36,50.2,-66.38,64.4,59,40,16.11
401,Pacifica,US,2020-08-22 18:32:36,37.61,-122.49,78.01,64,75,6.93
402,Elizabeth City,US,2020-08-22 18:32:36,36.29,-76.25,89.6,59,1,9.17
403,Saint-Georges,GD,2020-08-22 18:32:37,12.06,-61.75,87.8,74,40,14.99
404,Saint Anthony,US,2020-08-22 18:32:37,45.02,-93.22,80.6,65,1,4.14
405,Vestmannaeyjar,IS,2020-08-22 18:32:37,63.44,-20.27,53.6,71,23,9.17
406,Talara,PE,2020-08-22 18:32:37,-4.58,-81.27,75.2,60,100,16.11
407,Iralaya,HN,2020-08-22 18:32:38,15.0,-83.23,91.4,66,75,4.7
408,San Pedro,PH,2020-08-22 18:32:38,14.35,121.02,82.4,83,100,3.36
409,Chumikan,RU,2020-08-22 18:32:38,54.72,135.31,53.98,80,96,2.39
410,Nambale,KE,2020-08-22 18:32:38,0.45,34.25,69.33,79,100,1.25
411,Mitzic,GA,2020-08-22 18:32:38,0.78,11.55,71.11,93,100,3.65
412,Kerur,IN,2020-08-22 18:32:39,16.02,75.57,73.96,86,100,10.98
413,Kuryk,KZ,2020-08-22 18:32:39,43.2,51.65,75.72,33,100,24.07
414,Bouar,CF,2020-08-22 18:32:39,5.93,15.6,67.33,97,100,0.83
415,Marovoay,MG,2020-08-22 18:32:40,-16.1,46.63,75.2,78,20,2.24
416,Jardim,BR,2020-08-22 18:29:44,-21.48,-56.14,68.32,46,1,3.71
417,Beidao,CN,2020-08-22 18:32:40,34.57,105.89,68.63,83,98,3.49
418,Sulangan,PH,2020-08-22 18:32:40,11.14,123.72,83.93,77,91,10.6
419,Dok Kham Tai,TH,2020-08-22 18:32:40,19.16,99.99,72.16,95,100,2.46
420,Fort Saint James,CA,2020-08-22 18:32:41,54.43,-124.25,62.85,49,92,13.42
421,Morro Bay,US,2020-08-22 18:32:41,35.37,-120.85,88.0,37,1,4.81
422,Aras,ES,2020-08-22 18:32:41,42.56,-2.36,78.8,47,83,8.05
423,Ati,TD,2020-08-22 18:29:57,13.22,18.34,79.74,77,100,10.02
424,Bembereke,BJ,2020-08-22 18:32:42,10.23,2.66,71.78,98,76,3.0
425,Tunceli,TR,2020-08-22 18:32:42,39.11,39.55,73.4,40,40,19.46
426,Presidencia Roque Saenz Pena,AR,2020-08-22 18:32:42,-26.79,-60.44,67.62,25,0,7.65
427,Mareeba,AU,2020-08-22 18:32:42,-17.0,145.43,59.0,87,19,2.24
428,Zambezi,ZM,2020-08-22 18:32:43,-13.54,23.1,71.11,28,0,7.14
429,Fuerte Olimpo,PY,2020-08-22 18:32:43,-21.04,-57.87,63.32,47,83,1.36
430,Kedrovoye,RU,2020-08-22 18:32:43,57.16,60.57,55.4,87,40,6.71
431,Trindade,BR,2020-08-22 18:32:43,-16.65,-49.49,80.6,39,80,8.05
432,Garowe,SO,2020-08-22 18:32:43,8.41,48.48,83.68,43,100,16.15
433,Diyarb Najm,EG,2020-08-22 18:31:11,30.75,31.44,86.0,51,0,16.11
434,Yingkou,CN,2020-08-22 18:32:44,40.66,122.23,68.22,80,0,8.34
435,Ochakiv,UA,2020-08-22 18:32:44,46.61,31.55,77.0,47,11,8.95
436,Mocuba,MZ,2020-08-22 18:32:45,-16.84,36.99,64.33,87,2,3.62
437,Faya,SA,2020-08-22 18:30:27,18.39,42.45,71.6,83,8,6.93
438,Mattru,SL,2020-08-22 18:32:45,7.62,-11.83,74.37,96,100,3.76
439,Bantilan,PH,2020-08-22 18:32:45,14.75,121.67,82.18,76,100,6.53
440,Buraydah,SA,2020-08-22 18:32:45,26.33,43.98,100.4,18,42,10.29
441,Jishou,CN,2020-08-22 18:32:46,28.32,109.72,73.35,91,0,0.63
442,Jiaozuo,CN,2020-08-22 18:32:46,35.24,113.23,73.94,78,97,2.8
443,Mizdah,LY,2020-08-22 18:32:46,31.45,12.98,79.14,36,0,13.53
444,Leningradskiy,RU,2020-08-22 18:32:46,69.38,178.42,45.3,87,11,5.12
445,Noumea,NC,2020-08-22 18:32:46,-22.28,166.46,62.6,93,90,3.36
446,Asau,RO,2020-08-22 18:30:14,46.43,26.4,66.0,77,1,3.0
447,Kisangani,CD,2020-08-22 18:32:47,0.52,25.2,73.99,91,98,2.75
448,Camana,PE,2020-08-22 18:32:47,-16.62,-72.71,64.24,69,33,7.7
449,Seymchan,RU,2020-08-22 18:32:47,62.88,152.43,36.86,81,100,7.96
450,Sohag,EG,2020-08-22 18:32:48,26.56,31.69,91.4,27,0,11.41
451,Pingliang,CN,2020-08-22 18:32:48,35.54,106.69,66.33,87,100,4.56
452,Caravelas,BR,2020-08-22 18:32:48,-17.71,-39.25,71.87,77,100,13.49
453,Paracuru,BR,2020-08-22 18:32:48,-3.41,-39.03,79.0,75,3,20.0
454,Necochea,AR,2020-08-22 18:32:48,-38.55,-58.74,64.99,30,0,17.0
455,Karratha,AU,2020-08-22 18:32:49,-20.74,116.85,69.06,49,0,7.85
456,Chiredzi,ZW,2020-08-22 18:32:49,-21.05,31.67,61.56,54,0,4.99
457,Yatsuo,JP,2020-08-22 18:32:49,36.57,137.13,77.0,74,100,1.01
458,Pop,UZ,2020-08-22 18:32:49,40.87,71.11,71.6,46,0,4.7
459,Zhezkazgan,KZ,2020-08-22 18:32:50,47.8,67.71,61.56,56,36,7.07
460,Aasiaat,GL,2020-08-22 18:32:50,68.71,-52.87,42.8,68,37,7.99
461,Beloha,MG,2020-08-22 18:32:50,-25.17,45.05,62.04,77,0,10.67
462,Amga,RU,2020-08-22 18:32:50,60.9,131.96,37.92,77,0,1.79
463,Xichang,CN,2020-08-22 18:32:51,27.9,102.26,65.14,79,39,1.63
464,Crib Point,AU,2020-08-22 18:32:51,-38.35,145.2,48.0,92,95,20.56
465,Flagstaff,US,2020-08-22 18:31:26,35.2,-111.65,88.0,32,1,5.82
466,Talcahuano,CL,2020-08-22 18:32:51,-36.72,-73.12,60.8,63,0,9.17
467,Ust-Karsk,RU,2020-08-22 18:32:52,52.7,118.81,57.54,84,100,2.59
468,Qui Nhon,VN,2020-08-22 18:32:52,13.77,109.23,79.38,82,100,4.83
469,Te Anau,NZ,2020-08-22 18:32:52,-45.42,167.72,40.05,89,100,0.34
470,Galle,LK,2020-08-22 18:32:52,6.04,80.22,80.24,85,100,8.66
471,Rapid Valley,US,2020-08-22 18:32:53,44.06,-103.15,91.4,24,1,4.45
472,Tungor,RU,2020-08-22 18:32:53,53.38,142.96,53.65,90,100,3.33
473,Moussoro,TD,2020-08-22 18:32:53,13.64,16.49,83.28,68,100,8.66
474,Tias,ES,2020-08-22 18:32:53,28.96,-13.64,82.4,61,0,27.51
475,Ondarroa,ES,2020-08-22 18:32:54,43.32,-2.42,72.0,58,87,1.99
476,Gangakher,IN,2020-08-22 18:32:54,18.95,76.75,75.65,84,100,7.7
477,Flin Flon,CA,2020-08-22 18:32:54,54.77,-101.86,57.2,82,90,9.17
478,Bud,US,2020-08-22 18:28:11,39.45,-86.18,82.99,54,1,1.88
479,Manono,CD,2020-08-22 18:32:55,-7.3,27.42,82.08,30,4,6.71
480,Sibolga,ID,2020-08-22 18:28:09,1.74,98.78,75.24,84,86,3.11
481,Boddam,GB,2020-08-22 18:32:55,57.47,-1.78,61.0,77,40,6.93
482,Palasa,IN,2020-08-22 18:32:55,18.77,84.42,79.66,89,100,7.36
483,Grand-Santi,GF,2020-08-22 18:29:05,4.25,-54.38,94.86,33,15,2.66
484,Kutum,SD,2020-08-22 18:32:56,14.2,24.67,72.39,68,100,10.83
485,Khovu-Aksy,RU,2020-08-22 18:32:56,51.13,93.6,46.45,82,4,1.83
486,Darhan,MN,2020-08-22 18:32:56,49.49,105.92,57.87,82,100,3.42
487,Capitan Bado,PY,2020-08-22 18:32:56,-23.27,-55.53,61.65,58,0,7.05
488,Aksarka,RU,2020-08-22 18:32:57,66.56,67.8,52.16,83,52,13.0
489,Vao,NC,2020-08-22 18:32:57,-22.67,167.48,72.32,88,59,10.78
490,Hambantota,LK,2020-08-22 18:32:57,6.12,81.12,80.19,84,95,9.6
491,Mimongo,GA,2020-08-22 18:32:57,-1.62,11.61,71.44,80,100,3.22
492,Igarka,RU,2020-08-22 18:32:58,67.47,86.58,53.92,78,100,6.15
493,Makueni,KE,2020-08-22 18:32:58,-1.8,37.62,66.04,64,93,12.75
494,Fenoarivo,MG,2020-08-22 18:32:58,-18.93,47.44,55.4,82,20,6.93
495,Santa Maria,BR,2020-08-22 18:32:58,-29.68,-53.81,62.6,42,0,9.17
496,Wilmington,US,2020-08-22 18:32:59,34.23,-77.94,91.0,52,20,8.05
497,Makat,KZ,2020-08-22 18:32:59,47.65,53.35,70.81,42,100,12.44
498,San Quintin,MX,2020-08-22 18:32:59,30.48,-115.95,80.17,64,0,12.55
499,Zhelyabovka,UA,2020-08-22 18:32:59,45.4,34.76,68.99,71,0,7.52
500,Alugan,PH,2020-08-22 18:33:00,12.22,125.48,80.15,85,100,6.8
501,Saint-Augustin,CA,2020-08-22 18:29:16,51.23,-58.65,62.87,69,94,2.39
502,Oranjestad,AW,2020-08-22 18:28:43,12.52,-70.03,86.0,79,40,10.29
503,Pangnirtung,CA,2020-08-22 18:33:00,66.15,-65.71,50.0,76,20,9.17
504,Honiara,SB,2020-08-22 18:33:01,-9.43,159.95,73.4,100,40,2.24
505,Williams Lake,CA,2020-08-22 18:33:01,52.14,-122.14,60.8,41,75,6.93
506,Gizo,SB,2020-08-22 18:33:01,-8.1,156.84,82.27,81,77,16.78
507,Santa Marta,CO,2020-08-22 18:30:47,11.24,-74.2,93.2,67,75,9.17
508,Lagoa,PT,2020-08-22 18:33:01,39.05,-27.98,72.68,74,10,7.74
509,Nova Venecia,BR,2020-08-22 18:28:02,-18.71,-40.4,70.59,66,100,8.9
510,Urumqi,CN,2020-08-22 18:28:10,43.8,87.6,75.2,33,0,4.47
511,Tornio,FI,2020-08-22 18:33:02,65.85,24.15,66.2,88,75,17.22
512,Airai,TL,2020-08-22 18:33:02,-8.93,125.41,57.51,42,35,3.53
513,Aklavik,CA,2020-08-22 18:33:03,68.22,-135.01,50.0,93,90,6.93
514,Isiolo,KE,2020-08-22 18:33:03,0.35,37.58,70.09,57,84,21.97
515,Peace River,CA,2020-08-22 18:33:03,56.25,-117.29,62.6,63,75,19.46
516,Basco,PH,2020-08-22 18:29:09,20.45,121.97,84.79,77,100,24.07
517,Kwinana,AU,2020-08-22 18:33:04,-32.25,115.77,59.0,93,40,6.93
518,Payo,ID,2020-08-22 18:28:16,-3.75,103.64,75.07,80,96,2.84
519,Belmonte,BR,2020-08-22 18:33:04,-15.86,-38.88,73.4,78,90,5.82
520,Longyearbyen,SJ,2020-08-22 18:33:05,78.22,15.64,44.6,65,40,6.93
521,Ndende,GA,2020-08-22 18:33:05,-2.4,11.36,76.75,71,94,4.34
522,Arman,RU,2020-08-22 18:33:05,59.7,150.17,42.37,65,77,10.6
523,Riohacha,CO,2020-08-22 18:28:59,11.54,-72.91,89.22,58,16,10.02
524,San Jeronimo,PE,2020-08-22 18:33:06,-11.95,-75.28,63.21,37,87,4.79
525,Makubetsu,JP,2020-08-22 18:33:06,45.37,141.82,60.78,84,66,8.3
526,Neuquen,AR,2020-08-22 18:33:06,-38.95,-68.06,68.0,32,0,6.06
527,Lahat,ID,2020-08-22 18:33:06,-3.8,103.53,73.81,79,34,2.66
528,Jijiang,CN,2020-08-22 18:33:06,29.29,106.25,84.0,75,0,3.94
529,Waddan,LY,2020-08-22 18:33:07,29.16,16.14,83.73,42,0,19.6
530,Chauk,MM,2020-08-22 18:33:07,20.88,94.82,78.85,83,100,9.93
531,Tiarei,PF,2020-08-22 18:33:07,-17.53,-149.33,78.8,74,40,22.55
532,Rincon,US,2020-08-22 18:33:07,32.3,-81.24,82.4,69,90,3.36
533,Puerto Baquerizo Moreno,EC,2020-08-22 18:33:08,-0.9,-89.6,69.8,83,75,13.87
534,Mishan,CN,2020-08-22 18:33:08,45.55,131.88,54.88,84,100,0.63
535,Alice Springs,AU,2020-08-22 18:30:02,-23.7,133.88,44.6,45,0,4.97
536,Muros,ES,2020-08-22 18:33:08,42.78,-9.06,75.0,64,20,8.05
537,Karasburg,NA,2020-08-22 18:33:08,-28.02,18.75,63.93,25,0,9.69
538,Sarny,UA,2020-08-22 18:33:09,51.34,26.6,65.97,77,21,8.93
539,Pitea,SE,2020-08-22 18:33:09,65.32,21.48,62.6,93,75,18.34
540,Duldurga,RU,2020-08-22 18:33:09,50.68,113.59,57.15,90,100,1.28
541,Mus,TR,2020-08-22 18:33:09,39.0,41.75,58.53,71,0,6.2
542,Moron,AR,2020-08-22 18:29:19,-34.65,-58.62,66.0,27,0,9.17
543,Lumberton,US,2020-08-22 18:33:10,34.62,-79.01,84.2,70,20,9.17
544,Yenagoa,NG,2020-08-22 18:33:10,4.92,6.26,75.99,88,97,6.02
545,Mercedes,AR,2020-08-22 18:33:10,-34.65,-59.43,66.0,24,0,10.0
546,Novogornyy,RU,2020-08-22 18:33:10,55.63,60.79,57.2,93,75,8.95
547,Nichinan,JP,2020-08-22 18:33:10,31.6,131.37,78.13,81,43,4.99
548,Hofn,IS,2020-08-22 18:33:11,64.25,-15.21,51.08,65,8,4.05
549,Pitsunda,GE,2020-08-22 18:33:11,43.16,40.34,73.4,83,75,6.71
550,Ambunti,PG,2020-08-22 18:33:11,-4.24,142.84,72.5,99,25,0.96
551,Naples,IT,2020-08-22 18:33:11,40.83,14.25,82.4,51,0,5.82
552,Ugoofaaru,MV,2020-08-22 18:33:11,5.67,73.0,83.8,67,0,4.72
553,Baragua,CU,2020-08-22 18:33:12,21.7,-78.63,91.56,58,97,7.7
554,Port Macquarie,AU,2020-08-22 18:33:12,-31.43,152.92,52.0,47,0,5.01
555,Valdivia,CL,2020-08-22 18:33:12,-39.81,-73.25,50.0,76,0,3.36
556,Pochutla,MX,2020-08-22 18:33:12,15.74,-96.47,89.6,59,40,6.93
557,Adrar,MR,2020-08-22 18:33:13,20.5,-10.07,106.92,8,15,7.34
558,Mollendo,PE,2020-08-22 18:33:13,-17.02,-72.01,63.1,71,44,7.18
